{"cameraMode":{"drawMode":0,"name":"Shaded","section":"Shading Mode"},"sceneLighting":false,"audioPlay":false,"sceneViewState":{"m_AlwaysRefresh":false,"showFog":true,"showSkybox":false,"showFlares":true,"showImageEffects":true,"showParticleSystems":true,"showVisualEffectGraphs":true,"m_FxEnabled":true},"in2DMode":false,"pivot":{"x":13.067171096801758,"y":1.978622317314148,"z":15.822675704956055},"rotation":{"x":-0.015025279484689236,"y":0.9845513105392456,"z":-0.13704797625541688,"w":-0.10794150084257126},"size":1.6550602912902833,"orthographic":false}