{"cameraMode":{"drawMode":0,"name":"Shaded","section":"Shading Mode"},"sceneLighting":true,"audioPlay":false,"sceneViewState":{"m_AlwaysRefresh":false,"showFog":true,"showSkybox":true,"showFlares":true,"showImageEffects":true,"showParticleSystems":true,"showVisualEffectGraphs":true,"m_FxEnabled":true},"in2DMode":false,"pivot":{"x":4.1600847244262699,"y":-11.388091087341309,"z":10.809619903564454},"rotation":{"x":-0.0062104822136461739,"y":0.9886824488639832,"z":-0.14367511868476869,"w":-0.04273671656847},"size":20.22369956970215,"orthographic":false}